1721167402,2024-07-16T22:03:22Z,7965,4826
1721167463,2024-07-16T22:04:23Z,7970,4826
1721167524,2024-07-16T22:05:24Z,7977,4825
1721167584,2024-07-16T22:06:24Z,7977,4825
1721167645,2024-07-16T22:07:25Z,7977,4825
1721167706,2024-07-16T22:08:26Z,7977,4825
1721167767,2024-07-16T22:09:27Z,7977,4826
1721167798,2024-07-16T22:09:58Z,7977,4825
1721167859,2024-07-16T22:10:59Z,7983,4824
1721167920,2024-07-16T22:12:00Z,7983,4824
1721167981,2024-07-16T22:13:01Z,7984,4823
1721168042,2024-07-16T22:14:02Z,7984,4817
1721168104,2024-07-16T22:15:04Z,7984,4813
1721168166,2024-07-16T22:16:06Z,7994,4813
1721168227,2024-07-16T22:17:07Z,7994,4814
1721168289,2024-07-16T22:18:09Z,7994,4814
